variant,round,context,seqs,threads,step_p50_ms,step_mean_ms,agg_tok_s,vs_first_pct,record_us_step,plan_us_step,inner_calls_per_op,fallbacks
ref,0,256,1,10,82.88,81.77,12.2,+0.0,0,0,1.000,0
ir,0,256,1,10,88.04,87.08,11.5,+6.5,1211,283,1.000,0
group,0,256,1,10,81.75,81.18,12.3,-0.7,1155,281,0.814,0
gated,0,256,1,10,80.74,80.75,12.4,-1.2,1207,299,0.876,0
all,0,256,1,10,78.63,78.51,12.7,-4.0,1218,307,0.752,0
ref,0,256,4,10,151.56,155.03,25.8,+0.0,0,0,1.000,0
ir,0,256,4,10,157.42,160.09,25.0,+3.3,1289,302,1.000,0
group,0,256,4,10,152.91,154.46,25.9,-0.4,1278,325,0.814,0
gated,0,256,4,10,158.61,160.28,25.0,+3.4,1280,310,0.876,0
all,0,256,4,10,148.00,152.54,26.2,-1.6,1223,320,0.752,0
ref,1,256,1,10,71.98,72.40,13.8,+0.0,0,0,1.000,0
ir,1,256,1,10,78.91,80.81,12.4,+11.6,1265,296,1.000,0
group,1,256,1,10,77.00,76.83,13.0,+6.1,1248,316,0.814,0
gated,1,256,1,10,76.72,77.24,12.9,+6.7,1227,294,0.876,0
all,1,256,1,10,74.97,75.88,13.2,+4.8,1248,326,0.752,0
ref,1,256,4,10,144.46,145.37,27.5,+0.0,0,0,1.000,0
ir,1,256,4,10,146.37,146.83,27.2,+1.0,1306,298,1.000,0
group,1,256,4,10,142.00,142.29,28.1,-2.1,1322,322,0.814,0
gated,1,256,4,10,143.26,143.89,27.8,-1.0,1373,314,0.876,0
all,1,256,4,10,140.67,141.73,28.2,-2.5,1260,318,0.752,0
ref,2,256,1,10,74.25,75.23,13.3,+0.0,0,0,1.000,0
ir,2,256,1,10,75.68,77.03,13.0,+2.4,1281,302,1.000,0
group,2,256,1,10,74.54,74.86,13.4,-0.5,1283,341,0.814,0
gated,2,256,1,10,75.89,77.23,12.9,+2.7,1278,333,0.876,0
all,2,256,1,10,73.77,74.36,13.4,-1.2,1290,346,0.752,0
ref,2,256,4,10,144.59,145.01,27.6,+0.0,0,0,1.000,0
ir,2,256,4,10,149.37,151.35,26.4,+4.4,1272,292,1.000,0
group,2,256,4,10,142.03,143.40,27.9,-1.1,1270,318,0.814,0
gated,2,256,4,10,145.34,146.53,27.3,+1.0,1271,308,0.876,0
all,2,256,4,10,143.25,143.15,27.9,-1.3,1315,324,0.752,0
ref,3,256,1,10,77.48,76.49,13.1,+0.0,0,0,1.000,0
ir,3,256,1,10,78.08,79.30,12.6,+3.7,1230,283,1.000,0
group,3,256,1,10,76.56,77.44,12.9,+1.2,1204,291,0.814,0
gated,3,256,1,10,78.78,79.20,12.6,+3.5,1231,288,0.876,0
all,3,256,1,10,74.69,74.67,13.4,-2.4,1136,290,0.752,0
ref,3,256,4,10,150.21,150.16,26.6,+0.0,0,0,1.000,0
ir,3,256,4,10,152.13,153.52,26.1,+2.2,1313,291,1.000,0
group,3,256,4,10,148.82,148.38,27.0,-1.2,1307,336,0.814,0
gated,3,256,4,10,150.84,149.40,26.8,-0.5,1292,310,0.876,0
all,3,256,4,10,146.75,147.95,27.0,-1.5,1236,310,0.752,0
