model,variant,rep,context,seqs,threads,kv,step_p50_ms,step_p90_ms,step_p99_ms,step_mean_ms,agg_tok_s,per_req_tok_s,attn_ms_step,profiled_step_ms,attn_share,cpu_util,tail_wait_share
qwen2.5-1.5b-instruct,c8,0,512,1,10,f16,83.68,98.65,128.87,85.86,11.6,11.65,4.07,78.18,0.052,0.809,0.223
qwen2.5-1.5b-instruct,c32,0,512,1,10,f16,78.37,94.56,101.98,80.20,12.5,12.47,4.43,79.89,0.055,0.826,0.230
qwen2.5-1.5b-instruct,c32,0,512,4,10,f16,156.44,164.87,172.55,156.60,25.5,6.39,11.16,171.57,0.065,0.812,0.176
qwen2.5-1.5b-instruct,c8,0,512,4,10,f16,158.89,164.78,177.26,159.60,25.1,6.27,9.54,152.44,0.063,0.826,0.203
qwen2.5-1.5b-instruct,c8,0,512,16,10,f16,389.37,455.73,489.67,401.92,39.8,2.49,23.76,365.23,0.065,0.769,0.101
qwen2.5-1.5b-instruct,c32,0,512,16,10,f16,372.76,388.48,397.64,373.46,42.8,2.68,26.22,388.10,0.068,0.833,0.102
qwen2.5-1.5b-instruct,c8,1,512,1,10,f16,92.69,142.36,152.52,99.50,10.0,10.05,6.12,92.35,0.066,0.698,0.209
qwen2.5-1.5b-instruct,c32,1,512,1,10,f16,88.78,123.52,149.60,95.47,10.5,10.48,8.24,109.03,0.076,0.714,0.190
qwen2.5-1.5b-instruct,c32,1,512,4,10,f16,156.14,160.03,163.51,154.39,25.9,6.48,9.56,153.54,0.062,0.824,0.176
qwen2.5-1.5b-instruct,c8,1,512,4,10,f16,151.59,159.11,164.89,152.54,26.2,6.56,10.60,161.63,0.066,0.837,0.193
qwen2.5-1.5b-instruct,c8,1,512,16,10,f16,372.52,399.35,433.13,375.54,42.6,2.66,28.68,421.61,0.068,0.831,0.120
qwen2.5-1.5b-instruct,c32,1,512,16,10,f16,372.98,397.84,442.78,378.11,42.3,2.64,23.82,357.30,0.067,0.816,0.097
qwen2.5-1.5b-instruct,c8,2,512,1,10,f16,80.18,93.31,97.57,81.75,12.2,12.23,4.67,81.96,0.057,0.766,0.243
qwen2.5-1.5b-instruct,c32,2,512,1,10,f16,82.67,86.96,88.12,82.35,12.1,12.14,4.54,81.00,0.056,0.816,0.223
qwen2.5-1.5b-instruct,c32,2,512,4,10,f16,156.51,170.61,200.86,159.12,25.1,6.28,11.01,166.52,0.066,0.800,0.167
qwen2.5-1.5b-instruct,c8,2,512,4,10,f16,162.40,175.07,218.73,163.09,24.5,6.13,6.70,138.96,0.048,0.794,0.189
qwen2.5-1.5b-instruct,c8,2,512,16,10,f16,349.46,360.37,458.68,351.35,45.5,2.85,21.62,335.63,0.064,0.852,0.078
qwen2.5-1.5b-instruct,c32,2,512,16,10,f16,344.60,424.53,497.28,362.17,44.2,2.76,25.32,365.76,0.069,0.840,0.055
qwen2.5-1.5b-instruct,c8,3,512,1,10,f16,77.52,109.82,147.17,83.93,11.9,11.91,3.93,77.55,0.051,0.749,0.130
qwen2.5-1.5b-instruct,c32,3,512,1,10,f16,69.04,76.23,78.35,69.48,14.4,14.39,2.63,68.85,0.038,0.856,0.108
qwen2.5-1.5b-instruct,c32,3,512,4,10,f16,148.85,175.85,205.21,150.45,26.6,6.65,6.45,134.45,0.048,0.854,0.104
qwen2.5-1.5b-instruct,c8,3,512,4,10,f16,135.88,140.90,145.38,136.05,29.4,7.35,7.13,142.48,0.050,0.916,0.113
qwen2.5-1.5b-instruct,c8,3,512,16,10,f16,341.24,417.96,462.98,366.24,43.7,2.73,25.50,377.34,0.068,0.839,0.088
qwen2.5-1.5b-instruct,c32,3,512,16,10,f16,359.58,376.51,379.36,360.11,44.4,2.78,23.66,356.30,0.066,0.855,0.101
