model,variant,rep,context,seqs,threads,kv,step_p50_ms,step_p90_ms,step_p99_ms,step_mean_ms,agg_tok_s,per_req_tok_s,attn_ms_step,profiled_step_ms,attn_share,cpu_util
qwen2.5-1.5b-instruct,old,0,2048,16,10,f16,545.38,684.90,860.71,576.73,27.7,1.73,108.94,453.70,0.240,0.641
qwen2.5-1.5b-instruct,new,0,2048,16,10,f16,421.14,504.38,535.35,434.53,36.8,2.30,89.98,426.43,0.211,0.801
qwen2.5-1.5b-instruct,old,1,2048,16,10,f16,523.02,613.52,734.50,527.92,30.3,1.89,120.70,506.49,0.238,0.712
qwen2.5-1.5b-instruct,new,1,2048,16,10,f16,474.10,608.73,720.75,508.44,31.5,1.97,109.01,526.66,0.207,0.708
qwen2.5-1.5b-instruct,old,2,2048,16,10,f16,500.39,545.39,563.34,500.46,32.0,2.00,109.17,447.78,0.244,0.739
qwen2.5-1.5b-instruct,new,2,2048,16,10,f16,462.47,556.15,671.66,480.19,33.3,2.08,104.49,491.93,0.212,0.735
qwen2.5-1.5b-instruct,old,0,512,1,10,f16,77.31,90.56,109.76,80.26,12.5,12.46,3.89,75.91,0.051,0.820
qwen2.5-1.5b-instruct,new,0,512,1,10,f16,75.63,87.75,91.22,77.51,12.9,12.90,3.91,77.06,0.051,0.815
qwen2.5-1.5b-instruct,new,0,512,4,10,f16,148.72,225.69,313.22,167.93,23.8,5.96,9.15,164.53,0.056,0.797
qwen2.5-1.5b-instruct,old,0,512,4,10,f16,155.08,171.82,189.13,158.26,25.3,6.32,14.45,198.28,0.073,0.831
qwen2.5-1.5b-instruct,old,0,512,8,10,f16,282.59,358.29,419.71,295.04,27.1,3.39,19.96,275.39,0.072,0.671
qwen2.5-1.5b-instruct,new,0,512,8,10,f16,291.92,363.64,431.52,303.29,26.4,3.30,17.97,277.50,0.065,0.681
qwen2.5-1.5b-instruct,new,0,512,16,10,f16,382.00,462.31,634.46,401.89,39.8,2.49,28.30,423.23,0.067,0.782
qwen2.5-1.5b-instruct,old,0,512,16,10,f16,439.10,506.34,713.28,453.29,35.3,2.21,35.16,469.71,0.075,0.708
qwen2.5-1.5b-instruct,new,1,512,1,10,f16,89.82,136.91,177.54,96.71,10.3,10.34,7.45,107.75,0.069,0.685
qwen2.5-1.5b-instruct,old,1,512,1,10,f16,76.85,104.41,110.99,81.80,12.2,12.23,4.46,81.07,0.055,0.833
qwen2.5-1.5b-instruct,old,1,512,4,10,f16,165.28,195.61,198.58,166.20,24.1,6.02,11.25,172.33,0.065,0.785
qwen2.5-1.5b-instruct,new,1,512,4,10,f16,158.23,178.28,186.96,155.81,25.7,6.42,9.79,168.58,0.058,0.821
qwen2.5-1.5b-instruct,new,1,512,8,10,f16,246.44,270.30,278.83,245.87,32.5,4.07,16.92,255.25,0.066,0.811
qwen2.5-1.5b-instruct,old,1,512,8,10,f16,242.07,260.59,274.97,242.82,32.9,4.12,18.17,252.54,0.072,0.836
qwen2.5-1.5b-instruct,old,1,512,16,10,f16,412.76,440.58,458.80,416.74,38.4,2.40,29.66,395.48,0.075,0.750
qwen2.5-1.5b-instruct,new,1,512,16,10,f16,392.01,414.63,424.91,391.66,40.9,2.55,26.37,384.78,0.069,0.800
qwen2.5-1.5b-instruct,old,2,512,1,10,f16,84.21,95.60,100.15,85.14,11.7,11.75,5.55,88.89,0.062,0.818
qwen2.5-1.5b-instruct,new,2,512,1,10,f16,83.51,99.38,102.51,85.39,11.7,11.71,5.30,85.98,0.062,0.777
qwen2.5-1.5b-instruct,new,2,512,4,10,f16,167.18,189.87,327.78,174.43,22.9,5.73,10.15,164.78,0.062,0.767
qwen2.5-1.5b-instruct,old,2,512,4,10,f16,153.83,180.76,183.82,159.87,25.0,6.26,12.55,185.60,0.068,0.801
qwen2.5-1.5b-instruct,old,2,512,8,10,f16,261.68,295.24,359.41,265.78,30.1,3.76,18.21,252.16,0.072,0.753
qwen2.5-1.5b-instruct,new,2,512,8,10,f16,253.80,269.79,275.22,253.03,31.6,3.95,16.31,243.00,0.067,0.806
qwen2.5-1.5b-instruct,new,2,512,16,10,f16,371.92,389.38,481.81,378.63,42.3,2.64,25.95,382.28,0.068,0.828
qwen2.5-1.5b-instruct,old,2,512,16,10,f16,374.11,403.12,410.24,377.73,42.4,2.65,31.11,404.65,0.077,0.850
qwen2.5-1.5b-instruct,old,0,512,32,10,f16,684.46,742.79,938.78,693.52,46.1,1.44,55.22,631.82,0.087,0.749
qwen2.5-1.5b-instruct,new,0,512,32,10,f16,661.18,721.47,845.70,672.05,47.6,1.49,56.89,688.01,0.083,0.742
qwen2.5-1.5b-instruct,old,1,512,32,10,f16,653.48,682.99,723.02,643.72,49.7,1.55,51.97,580.21,0.090,0.772
qwen2.5-1.5b-instruct,new,1,512,32,10,f16,612.56,647.53,653.47,612.01,52.3,1.63,50.11,616.69,0.081,0.807
qwen2.5-1.5b-instruct,old,2,512,32,10,f16,622.91,653.97,726.67,629.43,50.8,1.59,57.92,637.14,0.091,0.800
qwen2.5-1.5b-instruct,new,2,512,32,10,f16,609.49,658.83,677.24,614.30,52.1,1.63,47.06,581.93,0.081,0.814
qwen2.5-1.5b-instruct,old,0,2048,1,10,f16,80.41,90.73,96.84,81.23,12.3,12.31,9.11,84.93,0.107,0.841
qwen2.5-1.5b-instruct,new,0,2048,1,10,f16,86.68,97.61,114.80,88.46,11.3,11.30,8.82,87.78,0.100,0.779
qwen2.5-1.5b-instruct,new,0,2048,4,10,f16,176.86,192.96,212.50,174.36,22.9,5.74,22.04,159.52,0.138,0.827
qwen2.5-1.5b-instruct,old,0,2048,4,10,f16,166.67,207.36,249.07,175.05,22.9,5.71,25.49,164.04,0.155,0.826
qwen2.5-1.5b-instruct,old,0,2048,8,10,f16,263.66,284.04,386.78,270.45,29.6,3.70,52.72,273.08,0.193,0.825
qwen2.5-1.5b-instruct,new,0,2048,8,10,f16,258.87,328.82,339.29,265.39,30.1,3.77,45.71,268.48,0.170,0.830
qwen2.5-1.5b-instruct,old,1,2048,1,10,f16,84.13,97.78,106.34,84.84,11.8,11.79,9.28,85.54,0.108,0.813
qwen2.5-1.5b-instruct,new,1,2048,1,10,f16,82.68,92.10,99.53,83.30,12.0,12.00,7.01,77.36,0.091,0.846
qwen2.5-1.5b-instruct,new,1,2048,4,10,f16,160.59,174.94,189.56,161.27,24.8,6.20,21.45,157.04,0.137,0.882
qwen2.5-1.5b-instruct,old,1,2048,4,10,f16,160.45,166.25,167.38,159.73,25.0,6.26,25.29,163.70,0.154,0.892
qwen2.5-1.5b-instruct,old,1,2048,8,10,f16,255.87,272.45,282.81,256.55,31.2,3.90,50.15,260.49,0.193,0.883
qwen2.5-1.5b-instruct,new,1,2048,8,10,f16,264.04,290.08,302.42,265.04,30.2,3.77,41.68,251.80,0.166,0.838
qwen2.5-1.5b-instruct,old,2,2048,1,10,f16,81.34,89.41,98.69,80.19,12.5,12.47,7.90,78.04,0.101,0.832
qwen2.5-1.5b-instruct,new,2,2048,1,10,f16,77.72,82.67,91.66,77.03,13.0,12.98,7.15,77.67,0.092,0.862
qwen2.5-1.5b-instruct,new,2,2048,4,10,f16,162.35,180.21,191.08,166.14,24.1,6.02,23.14,165.56,0.140,0.817
qwen2.5-1.5b-instruct,old,2,2048,4,10,f16,162.54,174.56,183.27,162.72,24.6,6.15,25.51,164.94,0.155,0.888
qwen2.5-1.5b-instruct,old,2,2048,8,10,f16,283.10,309.41,323.21,286.08,28.0,3.50,51.75,270.47,0.191,0.796
qwen2.5-1.5b-instruct,new,2,2048,8,10,f16,267.74,281.19,285.59,267.18,29.9,3.74,45.49,269.54,0.169,0.836
