ops,new,512,1,embed,0.004,0.000
ops,new,512,1,norm,0.297,0.004
ops,new,512,1,qkv,7.106,0.091
ops,new,512,1,rope+qknorm,0.433,0.006
ops,new,512,1,kv_store,0.160,0.002
ops,new,512,1,attention,3.788,0.048
ops,new,512,1,attn_out,3.232,0.041
ops,new,512,1,mlp_up,28.004,0.359
ops,new,512,1,act,2.297,0.029
ops,new,512,1,mlp_down,21.662,0.277
ops,new,512,1,lm_head,11.121,0.142
ops,new,512,2,embed,0.003,0.000
ops,new,512,2,norm,3.065,0.030
ops,new,512,2,qkv,8.275,0.080
ops,new,512,2,rope+qknorm,2.113,0.020
ops,new,512,2,kv_store,0.243,0.002
ops,new,512,2,attention,4.914,0.047
ops,new,512,2,attn_out,4.263,0.041
ops,new,512,2,mlp_up,36.542,0.352
ops,new,512,2,act,3.044,0.029
ops,new,512,2,mlp_down,29.432,0.284
ops,new,512,2,lm_head,11.849,0.114
ops,new,512,4,embed,0.008,0.000
ops,new,512,4,norm,4.833,0.029
ops,new,512,4,qkv,15.754,0.094
ops,new,512,4,rope+qknorm,4.376,0.026
ops,new,512,4,kv_store,0.450,0.003
ops,new,512,4,attention,10.361,0.062
ops,new,512,4,attn_out,7.889,0.047
ops,new,512,4,mlp_up,61.430,0.365
ops,new,512,4,act,5.291,0.031
ops,new,512,4,mlp_down,40.572,0.241
ops,new,512,4,lm_head,17.167,0.102
ops,new,512,8,embed,0.012,0.000
ops,new,512,8,norm,5.210,0.022
ops,new,512,8,qkv,18.176,0.076
ops,new,512,8,rope+qknorm,4.080,0.017
ops,new,512,8,kv_store,0.913,0.004
ops,new,512,8,attention,15.454,0.065
ops,new,512,8,attn_out,10.648,0.045
ops,new,512,8,mlp_up,95.683,0.401
ops,new,512,8,act,5.641,0.024
ops,new,512,8,mlp_down,50.511,0.212
ops,new,512,8,lm_head,32.205,0.135
ops,new,512,16,embed,0.024,0.000
ops,new,512,16,norm,6.693,0.018
ops,new,512,16,qkv,26.212,0.069
ops,new,512,16,rope+qknorm,4.389,0.012
ops,new,512,16,kv_store,1.763,0.005
ops,new,512,16,attention,25.551,0.067
ops,new,512,16,attn_out,17.113,0.045
ops,new,512,16,mlp_up,159.317,0.418
ops,new,512,16,act,8.394,0.022
ops,new,512,16,mlp_down,81.187,0.213
ops,new,512,16,lm_head,50.492,0.132
ops,new,512,32,embed,0.045,0.000
ops,new,512,32,norm,8.447,0.014
ops,new,512,32,qkv,38.878,0.062
ops,new,512,32,rope+qknorm,5.592,0.009
ops,new,512,32,kv_store,3.483,0.006
ops,new,512,32,attention,48.870,0.078
ops,new,512,32,attn_out,26.763,0.043
ops,new,512,32,mlp_up,261.335,0.420
ops,new,512,32,act,13.680,0.022
ops,new,512,32,mlp_down,136.194,0.219
ops,new,512,32,lm_head,79.518,0.128
ops,new,512,1,embed,0.003,0.000
ops,new,512,1,norm,0.309,0.004
ops,new,512,1,qkv,7.658,0.095
ops,new,512,1,rope+qknorm,0.419,0.005
ops,new,512,1,kv_store,0.127,0.002
ops,new,512,1,attention,4.168,0.052
ops,new,512,1,attn_out,3.543,0.044
ops,new,512,1,mlp_up,28.207,0.351
ops,new,512,1,act,2.337,0.029
ops,new,512,1,mlp_down,21.925,0.273
ops,new,512,1,lm_head,11.685,0.145
ops,new,512,2,embed,0.003,0.000
ops,new,512,2,norm,3.032,0.028
ops,new,512,2,qkv,8.971,0.084
ops,new,512,2,rope+qknorm,2.615,0.025
ops,new,512,2,kv_store,0.274,0.003
ops,new,512,2,attention,5.513,0.052
ops,new,512,2,attn_out,4.366,0.041
ops,new,512,2,mlp_up,36.877,0.346
ops,new,512,2,act,3.175,0.030
ops,new,512,2,mlp_down,29.445,0.277
ops,new,512,2,lm_head,12.160,0.114
ops,new,512,4,embed,0.006,0.000
ops,new,512,4,norm,3.944,0.025
ops,new,512,4,qkv,12.227,0.078
ops,new,512,4,rope+qknorm,2.599,0.017
ops,new,512,4,kv_store,0.439,0.003
ops,new,512,4,attention,8.777,0.056
ops,new,512,4,attn_out,6.892,0.044
ops,new,512,4,mlp_up,60.857,0.390
ops,new,512,4,act,4.010,0.026
ops,new,512,4,mlp_down,39.569,0.253
ops,new,512,4,lm_head,16.829,0.108
ops,new,512,8,embed,0.013,0.000
ops,new,512,8,norm,5.189,0.021
ops,new,512,8,qkv,18.087,0.074
ops,new,512,8,rope+qknorm,3.859,0.016
ops,new,512,8,kv_store,0.825,0.003
ops,new,512,8,attention,14.981,0.061
ops,new,512,8,attn_out,10.373,0.042
ops,new,512,8,mlp_up,97.785,0.400
ops,new,512,8,act,6.416,0.026
ops,new,512,8,mlp_down,52.671,0.216
ops,new,512,8,lm_head,34.122,0.140
ops,new,512,16,embed,0.022,0.000
ops,new,512,16,norm,6.345,0.017
ops,new,512,16,qkv,26.523,0.070
ops,new,512,16,rope+qknorm,4.508,0.012
ops,new,512,16,kv_store,1.643,0.004
ops,new,512,16,attention,25.747,0.068
ops,new,512,16,attn_out,16.726,0.044
ops,new,512,16,mlp_up,157.938,0.416
ops,new,512,16,act,8.382,0.022
ops,new,512,16,mlp_down,82.073,0.216
ops,new,512,16,lm_head,49.587,0.131
ops,new,512,32,embed,0.047,0.000
ops,new,512,32,norm,9.263,0.015
ops,new,512,32,qkv,38.781,0.062
ops,new,512,32,rope+qknorm,5.933,0.009
ops,new,512,32,kv_store,3.297,0.005
ops,new,512,32,attention,48.494,0.077
ops,new,512,32,attn_out,26.914,0.043
ops,new,512,32,mlp_up,264.775,0.422
ops,new,512,32,act,14.087,0.022
ops,new,512,32,mlp_down,135.676,0.216
ops,new,512,32,lm_head,80.467,0.128
