qwen2.5-1.5b-instruct,new,0,1024,1,10,f16,79.42,85.70,89.56,80.30,12.5,12.45,5.85,80.24,0.073,0.762,0.219
qwen2.5-1.5b-instruct,new,0,1024,4,10,f16,158.65,164.18,172.49,159.41,25.1,6.27,14.67,161.11,0.091,0.852,0.169
qwen2.5-1.5b-instruct,new,0,4096,1,10,f16,90.65,100.78,101.65,90.61,11.0,11.04,13.63,90.35,0.151,0.823,0.198
qwen2.5-1.5b-instruct,new,0,4096,4,10,f16,193.54,209.47,314.05,198.45,20.2,5.04,41.66,182.37,0.228,0.821,0.154
qwen2.5-1.5b-instruct,new,0,1024,1,10,q8_0,81.97,92.28,94.12,82.00,12.2,12.20,5.73,80.89,0.071,0.841,0.225
qwen2.5-1.5b-instruct,new,0,1024,4,10,q8_0,157.18,165.27,173.11,157.12,25.5,6.36,14.39,156.96,0.092,0.867,0.166
qwen2.5-1.5b-instruct,new,0,4096,1,10,q8_0,90.42,97.24,107.02,90.00,11.1,11.11,13.78,93.22,0.148,0.824,0.203
qwen2.5-1.5b-instruct,new,0,4096,4,10,q8_0,186.80,196.67,208.09,188.36,21.2,5.31,44.70,197.31,0.227,0.846,0.149
qwen2.5-1.5b-instruct,new,0,1024,1,10,q8_0,82.73,88.28,93.03,81.95,12.2,12.20,5.44,80.79,0.067,0.845,0.225
qwen2.5-1.5b-instruct,new,0,1024,4,10,q8_0,160.90,178.99,225.03,165.08,24.2,6.06,14.08,155.28,0.091,0.823,0.161
qwen2.5-1.5b-instruct,new,0,4096,1,10,q8_0,90.47,101.38,132.52,92.48,10.8,10.81,13.61,88.98,0.153,0.786,0.229
qwen2.5-1.5b-instruct,new,0,4096,4,10,q8_0,184.48,189.96,192.86,184.02,21.7,5.43,42.03,186.27,0.226,0.869,0.148
qwen2.5-1.5b-instruct,new,0,1024,1,10,f16,80.86,86.69,91.57,80.89,12.4,12.36,5.75,79.76,0.072,0.849,0.221
qwen2.5-1.5b-instruct,new,0,1024,4,10,f16,162.04,234.25,262.27,174.38,22.9,5.73,15.20,168.41,0.090,0.765,0.152
qwen2.5-1.5b-instruct,new,0,4096,1,10,f16,87.75,92.77,98.90,87.79,11.4,11.39,12.96,85.92,0.151,0.854,0.208
qwen2.5-1.5b-instruct,new,0,4096,4,10,f16,187.82,214.16,216.01,191.94,20.8,5.21,47.39,204.40,0.232,0.836,0.155
