bin,model,variant,rep,context,seqs,threads,kv,step_p50_ms,step_p90_ms,step_p99_ms,step_mean_ms,agg_tok_s,per_req_tok_s,attn_ms_step,profiled_step_ms,attn_share,cpu_util,tail_wait_share
A,qwen2.5-0.5b-instruct,new,0,512,1,10,f16,43.87,55.49,81.55,43.28,23.1,23.10,3.69,38.85,0.095,0.703,0.292
A,qwen2.5-0.5b-instruct,new,0,512,4,10,f16,50.62,54.27,59.62,50.66,79.0,19.74,4.73,51.23,0.092,0.875,0.135
A,qwen2.5-0.5b-instruct,new,0,512,16,10,f16,123.41,147.03,185.62,128.71,124.3,7.77,15.13,132.89,0.114,0.839,0.089
B,qwen2.5-0.5b-instruct,new,0,512,1,10,f16,34.01,40.81,56.13,34.58,28.9,28.92,2.29,33.87,0.068,0.785,0.165
B,qwen2.5-0.5b-instruct,new,0,512,4,10,f16,50.61,58.37,64.97,51.76,77.3,19.32,5.62,60.12,0.093,0.854,0.164
B,qwen2.5-0.5b-instruct,new,0,512,16,10,f16,127.90,144.67,184.99,130.19,122.9,7.68,14.05,116.37,0.121,0.820,0.126
B,qwen2.5-0.5b-instruct,new,0,512,1,10,f16,34.04,40.60,47.04,34.56,28.9,28.94,2.13,33.62,0.063,0.824,0.179
B,qwen2.5-0.5b-instruct,new,0,512,4,10,f16,49.18,56.15,114.63,53.05,75.4,18.85,4.45,49.99,0.089,0.809,0.167
B,qwen2.5-0.5b-instruct,new,0,512,16,10,f16,118.28,126.97,139.18,119.29,134.1,8.38,14.57,132.18,0.110,0.867,0.092
A,qwen2.5-0.5b-instruct,new,0,512,1,10,f16,33.12,38.21,44.49,33.67,29.7,29.70,2.73,36.35,0.075,0.833,0.183
A,qwen2.5-0.5b-instruct,new,0,512,4,10,f16,50.52,60.07,70.41,51.44,77.8,19.44,4.74,52.33,0.091,0.875,0.159
A,qwen2.5-0.5b-instruct,new,0,512,16,10,f16,125.57,137.00,142.95,125.21,127.8,7.99,14.19,122.57,0.116,0.868,0.148
A,qwen2.5-0.5b-instruct,new,0,512,1,10,f16,36.34,44.63,50.93,37.22,26.9,26.87,2.88,36.31,0.079,0.808,0.278
A,qwen2.5-0.5b-instruct,new,0,512,4,10,f16,59.14,69.61,82.30,59.51,67.2,16.80,5.43,55.34,0.098,0.799,0.267
A,qwen2.5-0.5b-instruct,new,0,512,16,10,f16,126.58,157.72,178.04,128.63,124.4,7.77,13.67,118.90,0.115,0.816,0.111
B,qwen2.5-0.5b-instruct,new,0,512,1,10,f16,31.00,37.29,47.61,31.69,31.6,31.55,2.03,31.68,0.064,0.833,0.164
B,qwen2.5-0.5b-instruct,new,0,512,4,10,f16,48.48,53.77,61.23,49.14,81.4,20.35,4.77,50.56,0.094,0.863,0.135
B,qwen2.5-0.5b-instruct,new,0,512,16,10,f16,119.10,124.52,135.21,119.77,133.6,8.35,15.42,137.12,0.112,0.885,0.093
B,qwen2.5-0.5b-instruct,new,0,512,1,10,f16,35.93,49.18,64.96,37.81,26.4,26.45,3.57,40.39,0.088,0.837,0.249
B,qwen2.5-0.5b-instruct,new,0,512,4,10,f16,49.89,57.00,90.54,51.17,78.2,19.54,4.87,53.39,0.091,0.853,0.164
B,qwen2.5-0.5b-instruct,new,0,512,16,10,f16,136.33,157.58,161.07,137.95,116.0,7.25,20.15,161.59,0.125,0.814,0.160
A,qwen2.5-0.5b-instruct,new,0,512,1,10,f16,36.90,47.66,59.78,38.21,26.2,26.17,3.66,40.79,0.090,0.713,0.190
A,qwen2.5-0.5b-instruct,new,0,512,4,10,f16,49.93,57.32,61.93,50.30,79.5,19.88,4.39,48.58,0.090,0.892,0.119
A,qwen2.5-0.5b-instruct,new,0,512,16,10,f16,122.29,133.38,143.98,123.87,129.2,8.07,14.23,123.94,0.115,0.860,0.108
